{
  "swagger": "2.0",
  "info": {
    "title": "Your API Documentation",
    "description": "API documentation for your Node.js application",
    "version": "1.0.0"
  },
  "host": "localhost:3000",
  "basePath": "/api/auth",
  "schemes": [
    "http"
  ],
  "paths": {
    "/api/auth/signup": {
      "post": {
        "tags": [
          "auth"
        ],
        "description": "",
        "responses": {
          "200": {
            "description": "OK"
          },
          "401": {
            "description": "Unauthorized"
          }
        }
      }
    },
    "/api/auth/signin": {
      "post": {
        "tags": [
          "auth"
        ],
        "description": "",
        "responses": {
          "200": {
            "description": "OK"
          },
          "401": {
            "description": "Unauthorized"
          }
        }
      }
    },
    "/api/auth/verification": {
      "post": {
        "tags": [
          "auth"
        ],
        "description": "",
        "responses": {
          "200": {
            "description": "OK"
          },
          "401": {
            "description": "Unauthorized"
          }
        }
      }
    },
    "/api/auth/verification-validation": {
      "post": {
        "tags": [
          "auth"
        ],
        "description": "",
        "responses": {
          "200": {
            "description": "OK"
          },
          "401": {
            "description": "Unauthorized"
          }
        }
      }
    },
    "/api/auth/forgot-password": {
      "post": {
        "tags": [
          "auth"
        ],
        "description": "",
        "responses": {
          "200": {
            "description": "OK"
          },
          "401": {
            "description": "Unauthorized"
          }
        }
      }
    },
    "/api/auth/reset-password": {
      "post": {
        "tags": [
          "auth"
        ],
        "description": "",
        "responses": {
          "200": {
            "description": "OK"
          },
          "400": {
            "description": "Bad Request"
          },
          "401": {
            "description": "Unauthorized"
          }
        }
      }
    }
  }
}